fl_iter,main_task_acc,allNDBS,adv_norm_diff_bs,adv_norm_diff,backdoor_acc
1,25.539473684210527,0.711902:0.915766:1.049931:1.630252:1.174781:1.269091:1.147606:2.031792:0.905058:1.346605,0,0,0.5
